<?xml version="1.0" encoding="UTF-8"?>
<!-- Produced by Beyond Compare 4 from Scooter Software -->
<BCSessions Version="1" MinVersion="1">
	<TSessionFolder>
		<Items>
			<TSessionFolder>
				<Items>
					<TDirCompareSession Value="repo_bes2500ya_demo &lt;--> bak1">
						<LastModified Value="2021-11-15 16:46:22"/>
						<Specs>
							<Left Value="Z:\work\es603\guch\repo_bes2500ya_demo"/>
							<Right Value="Z:\work\es603\guch\bak1"/>
						</Specs>
						<State>
							<DisplayFilter Value="[showLeftAdded, showRightAdded, showLeftChanged, showRightChanged, showConflict]"/>
						</State>
					</TDirCompareSession>
					<THexCompareSession Value="ReadbackFlash.bin &lt;--> 设置1W，8000提醒.bin">
						<LastModified Value="2021-11-15 11:26:34"/>
						<Specs>
							<Left Value="C:\Users\EDZ\Desktop\ReadbackFlash.bin"/>
							<Right Value="C:\Users\EDZ\Desktop\设置1W，8000提醒.bin"/>
						</Specs>
					</THexCompareSession>
					<TDirCompareSession Value="es603">
						<LastModified Value="2021-11-10 20:59:09"/>
						<Specs>
							<Left Value="Z:\work\es603\guch\repo_bes2500ya_demo\apps\voca\ui\es603"/>
							<Right Value="Z:\work\es603\guch\bak_211023\apps - 副本\voca\ui\es603"/>
						</Specs>
						<State>
							<DisplayFilter Value="[showLeftAdded, showRightAdded, showLeftChanged, showRightChanged, showConflict]"/>
						</State>
					</TDirCompareSession>
					<TDirCompareSession Value="repo_bes2500ya_demo &lt;--> bak_211023">
						<LastModified Value="2021-11-10 20:59:09"/>
						<Specs>
							<Left Value="Z:\work\es603\guch\repo_bes2500ya_demo"/>
							<Right Value="Z:\work\es603\guch\bak_211023"/>
						</Specs>
						<State>
							<DisplayFilter Value="[showLeftAdded, showRightAdded, showLeftChanged, showRightChanged, showConflict]"/>
						</State>
					</TDirCompareSession>
					<TDirCompareSession Value="repo_bes2500ya_demo">
						<LastModified Value="2021-11-10 20:54:58"/>
						<Specs>
							<Left Value="Z:\work\es603\master_server\repo_bes2500ya_demo"/>
							<Right Value="Z:\work\es603\guch\repo_bes2500ya_demo"/>
						</Specs>
						<State>
							<DisplayFilter Value="[showLeftAdded, showRightAdded, showLeftChanged, showRightChanged, showConflict]"/>
						</State>
					</TDirCompareSession>
					<TTextCompareSession Value="app_ui_wear_manage.cpp">
						<LastModified Value="2021-11-09 17:44:59"/>
						<Specs>
							<Left Value="F:\work\恒炫\es603\ES603\app_ui_wear_manage.cpp"/>
							<Right Value="Z:\work\es603\guch\repo_bes2500ya_demo\apps\voca\ui\es603\app_ui_wear_manage.cpp"/>
						</Specs>
						<State>
							<ShowContext Value="True"/>
						</State>
					</TTextCompareSession>
					<TDirCompareSession Value="apps">
						<LastModified Value="2021-10-26 17:20:08"/>
						<Specs>
							<Left Value="Z:\work\es603\guch\repo_bes2500ya_demo\apps"/>
							<Right Value="Z:\work\es603\master_server\repo_bes2500ya_demo\apps"/>
						</Specs>
						<State>
							<DisplayFilter Value="[showLeftAdded, showRightAdded, showLeftChanged, showRightChanged, showConflict]"/>
						</State>
					</TDirCompareSession>
					<TDirCompareSession Value="repo_bes2500ya_demo">
						<LastModified Value="2021-10-22 17:35:10"/>
						<Specs>
							<Left Value="Z:\work\es603\guch\repo_bes2500ya_demo"/>
							<Right Value="Z:\work\es603\master_server\repo_bes2500ya_demo"/>
						</Specs>
						<State>
							<DisplayFilter Value="[showLeftAdded, showRightAdded, showLeftChanged, showRightChanged, showConflict]"/>
						</State>
					</TDirCompareSession>
					<THexCompareSession Value="app_bak.bin &lt;--> app.bin">
						<LastModified Value="2021-10-09 15:33:02"/>
						<Specs>
							<Left Value="D:\work\RB301_8762D\bins\12345_RB301_V1_042021_1.0.0D_31B\trace\app_bak.bin"/>
							<Right Value="D:\work\RB301_8762D\bins\12345_RB301_V1_042021_1.0.0D_31B\trace\app.bin"/>
						</Specs>
					</THexCompareSession>
					<THexCompareSession Value="Patch_MP_release#_0.0.239.11_741c7ff3-0d2a109c1177e147c819d08235e54e53.bin &lt;--> app_ota.bin">
						<LastModified Value="2021-10-09 15:30:28"/>
						<Specs>
							<Left Value="D:\work\RB301_8762D\bins\10089_RB301_V2_100821_1.0.4D_debug\trace\Patch_MP_release#_0.0.239.11_741c7ff3-0d2a109c1177e147c819d08235e54e53.bin"/>
							<Right Value="D:\work\RB301_8762D\bins\10089_RB301_V2_100821_1.0.4D_debug\trace\app_ota.bin"/>
						</Specs>
					</THexCompareSession>
					<THexCompareSession Value="app.bin &lt;--> app_ota.bin">
						<LastModified Value="2021-10-09 15:11:47"/>
						<Specs>
							<Left Value="D:\work\RB301_8762D\bins\10089_RB301_V2_100821_1.0.4D_debug\trace\app.bin"/>
							<Right Value="D:\work\RB301_8762D\bins\10089_RB301_V2_100821_1.0.4D_debug\trace\app_ota.bin"/>
						</Specs>
					</THexCompareSession>
					<TTextMergeSession Value="app_ui.cpp">
						<LastModified Value="2021-09-29 16:44:45"/>
						<Specs>
							<Left Value="Z:\work\es603\guch\repo_bes2500ya_demo\apps\voca\ui\es603\app_ui.cpp.BASE.cpp"/>
							<Right Value="Z:\work\es603\guch\repo_bes2500ya_demo\apps\voca\ui\es603\app_ui.cpp.REMOTE.cpp"/>
							<Center Value="Z:\work\es603\guch\repo_bes2500ya_demo\apps\voca\ui\es603\app_ui.cpp.LOCAL.cpp"/>
							<Output Value="Z:\work\es603\guch\repo_bes2500ya_demo\apps\voca\ui\es603\app_ui.cpp"/>
						</Specs>
					</TTextMergeSession>
					<TTextMergeSession Value="app_ibrt_customif_ui.cpp">
						<LastModified Value="2021-09-29 16:16:50"/>
						<Specs>
							<Left Value="Z:\work\es603\guch\repo_bes2500ya_demo\services\app_ibrt\src\app_ibrt_customif_ui.cpp.BASE.cpp"/>
							<Right Value="Z:\work\es603\guch\repo_bes2500ya_demo\services\app_ibrt\src\app_ibrt_customif_ui.cpp.REMOTE.cpp"/>
							<Center Value="Z:\work\es603\guch\repo_bes2500ya_demo\services\app_ibrt\src\app_ibrt_customif_ui.cpp.LOCAL.cpp"/>
							<Output Value="Z:\work\es603\guch\repo_bes2500ya_demo\services\app_ibrt\src\app_ibrt_customif_ui.cpp"/>
						</Specs>
					</TTextMergeSession>
					<TDirCompareSession Value="master_server &lt;--> guch">
						<LastModified Value="2021-09-13 20:07:53"/>
						<Specs>
							<Left Value="Z:\work\es603\master_server"/>
							<Right Value="Z:\work\es603\guch"/>
						</Specs>
						<State>
							<DisplayFilter Value="[showLeftAdded, showRightAdded, showLeftChanged, showRightChanged, showConflict]"/>
						</State>
					</TDirCompareSession>
					<TTextCompareSession Value="tmp1.txt &lt;--> tmp2.txt">
						<LastModified Value="2021-09-07 10:30:26"/>
						<Specs>
							<Left Value="C:\Users\EDZ\Desktop\tmp1.txt"/>
							<Right Value="C:\Users\EDZ\Desktop\tmp2.txt"/>
						</Specs>
						<State>
							<ShowContext Value="True"/>
						</State>
					</TTextCompareSession>
					<TTextCompareSession Value="tmp2.txt &lt;--> tmp1.txt">
						<LastModified Value="2021-09-07 10:30:26"/>
						<Specs>
							<Left Value="C:\Users\EDZ\Desktop\tmp2.txt"/>
							<Right Value="C:\Users\EDZ\Desktop\tmp1.txt"/>
						</Specs>
						<State>
							<ShowContext Value="True"/>
						</State>
					</TTextCompareSession>
					<TTextCompareSession Value="新建文本文档.txt &lt;--> 新建文本文档 - 副本.txt">
						<LastModified Value="2021-09-06 19:48:02"/>
						<Specs>
							<Left Value="C:\Users\EDZ\Desktop\新建文本文档.txt"/>
							<Right Value="C:\Users\EDZ\Desktop\新建文本文档 - 副本.txt"/>
						</Specs>
						<State>
							<ShowContext Value="True"/>
						</State>
					</TTextCompareSession>
					<TDirCompareSession Value="trunk">
						<LastModified Value="2021-09-06 11:19:45"/>
						<Specs>
							<Left Value="Z:\work\k74\master\repo_bes2500_demo\trunk"/>
							<Right Value="Z:\work\k74\repo_bes2500_demo\trunk"/>
						</Specs>
						<State>
							<DisplayFilter Value="[showLeftAdded, showRightAdded, showLeftChanged, showRightChanged, showConflict]"/>
						</State>
					</TDirCompareSession>
					<TDirCompareSession Value="repo_bes2500_demo">
						<LastModified Value="2021-08-25 14:05:56"/>
						<Specs>
							<Left Value="Z:\work\k74\master\repo_bes2500_demo"/>
							<Right Value="Z:\work\k74\repo_bes2500_demo"/>
						</Specs>
						<State>
							<DisplayFilter Value="[showLeftAdded, showRightAdded, showLeftChanged, showRightChanged, showConflict]"/>
						</State>
					</TDirCompareSession>
					<TDirCompareSession Value="repo_bes2500_demo">
						<LastModified Value="2021-08-25 14:05:56"/>
						<Specs>
							<Left Value="Z:\work\k74\repo_bes2500_demo"/>
							<Right Value="Z:\work\k74\master\repo_bes2500_demo"/>
						</Specs>
						<State>
							<DisplayFilter Value="[showLeftAdded, showRightAdded, showLeftChanged, showRightChanged, showConflict]"/>
						</State>
					</TDirCompareSession>
					<THexCompareSession Value="ReadbackFlash——zr.bin &lt;--> ReadbackFlash-me.bin">
						<LastModified Value="2021-08-09 11:14:15"/>
						<Specs>
							<Left Value="C:\Users\EDZ\Desktop\log\来电异常重启1530\ReadbackFlash——zr.bin"/>
							<Right Value="C:\Users\EDZ\Desktop\log\来电异常重启1530\ReadbackFlash-me.bin"/>
						</Specs>
					</THexCompareSession>
					<THexCompareSession Value="ReadbackFlash——zr.bin &lt;--> ReadbackFlash-read-me.bin">
						<LastModified Value="2021-08-09 11:14:15"/>
						<Specs>
							<Left Value="C:\Users\EDZ\Desktop\log\来电异常重启1530\ReadbackFlash——zr.bin"/>
							<Right Value="C:\Users\EDZ\Desktop\log\来电异常重启1530\ReadbackFlash-read-me.bin"/>
						</Specs>
					</THexCompareSession>
					<TTextCompareSession Value="flash map.ini">
						<LastModified Value="2021-08-09 11:14:15"/>
						<Specs>
							<Left Value="D:\work\RB301_8762D\bins\10087_RB301_V2_072421_1.0.2D_debug\flash map.ini"/>
							<Right Value="F:\work\瑞昱\20210108_tools_patch_sdk(20210108_102034)\20210108_tools_patch_sdk\Tool_Kits_20201230(32978)\Tool_Kits_20201230\MPPackTool_v2.0.4.4\flash map.ini"/>
						</Specs>
						<State>
							<ShowContext Value="True"/>
						</State>
					</TTextCompareSession>
					<TTextCompareSession Value="flash map.ini">
						<LastModified Value="2021-08-09 11:14:15"/>
						<Specs>
							<Left Value="D:\work\RB301_8762D\bins\10087_RB301_V2_072421_1.0.2D_debug\flash map.ini"/>
							<Right Value="F:\work\瑞昱\20210108_tools_patch_sdk(20210108_102034)\20210108_tools_patch_sdk\Tool_Kits_20201230(32978)\Tool_Kits_20201230\MPPackTool_v2.0.4.4\MPPackTool_v2.0.4.4\flash map.ini"/>
						</Specs>
						<State>
							<ShowContext Value="True"/>
						</State>
					</TTextCompareSession>
					<TTextCompareSession Value="flash map.ini">
						<LastModified Value="2021-08-06 16:56:48"/>
						<Specs>
							<Left Value="F:\work\瑞昱\20210108_tools_patch_sdk(20210108_102034)\20210108_tools_patch_sdk\Tool_Kits_20201230(32978)\Tool_Kits_20201230\MPPackTool_v2.0.4.4\flash map.ini"/>
							<Right Value="D:\work\RB301_8762D\bins\10087_RB301_V2_072421_1.0.2D_debug\flash map.ini"/>
						</Specs>
						<State>
							<ShowContext Value="True"/>
						</State>
					</TTextCompareSession>
					<TDirCompareSession Value="sbee2_wristband_sdk_0.0.0.4(32664)">
						<LastModified Value="2021-08-05 15:52:59"/>
						<Specs>
							<Left Value="D:\work\RB301_8762D\8762D_RB301_SDK004_git_master\8762D_RB301_SDK004\sbee2_wristband_sdk_0.0.0.4(32664)"/>
							<Right Value="D:\work\RB301_8762D\8762D_RB301_SDK004\sbee2_wristband_sdk_0.0.0.4(32664)"/>
						</Specs>
						<State>
							<DisplayFilter Value="[showLeftAdded, showRightAdded, showLeftChanged, showRightChanged, showConflict]"/>
						</State>
					</TDirCompareSession>
					<THexCompareSession Value="test.R &lt;--> test.pcm">
						<LastModified Value="2021-08-04 16:16:03"/>
						<Specs>
							<Left Value="D:\work\vc_work\ogg_opus_windows\ogg_opus_windows\Debug\test.R"/>
							<Right Value="D:\work\vc_work\ogg_opus_windows\ogg_opus_windows\Debug\test.pcm"/>
						</Specs>
					</THexCompareSession>
					<TDirCompareSession Value="bak &lt;--> btwatch_release_2500b_btwatch_d8b4641_20210617">
						<LastModified Value="2021-07-24 14:56:29"/>
						<Specs>
							<Left Value="E:\vmware_disk\share_data\bak"/>
							<Right Value="E:\vmware_disk\share_data\btwatch_release_2500b_btwatch_d8b4641_20210617"/>
						</Specs>
						<State>
							<DisplayFilter Value="[showLeftAdded, showRightAdded, showLeftChanged, showRightChanged, showConflict]"/>
						</State>
					</TDirCompareSession>
					<TDirCompareSession Value="best2500p_btwatch_slave_bes &lt;--> om_base">
						<LastModified Value="2021-07-24 14:55:49"/>
						<Specs>
							<Left Value="E:\vmware_disk\share_data\btwatch_release_2500b_btwatch_d8b4641_20210617\config\best2500p_btwatch_slave_bes"/>
							<Right Value="E:\vmware_disk\share_data\btwatch_release_2500b_btwatch_d8b4641_20210617\config\om_base"/>
						</Specs>
						<State>
							<DisplayFilter Value="[showLeftAdded, showRightAdded, showLeftChanged, showRightChanged, showConflict]"/>
						</State>
					</TDirCompareSession>
					<TDirCompareSession Value="12345_RB301_V1_042021_1.0.0D_31B &lt;--> 10087_RB301_V2_072221_1.0.2D">
						<LastModified Value="2021-07-24 14:55:48"/>
						<Specs>
							<Left Value="D:\work\RB301_8762D\bins\12345_RB301_V1_042021_1.0.0D_31B"/>
							<Right Value="D:\work\RB301_8762D\bins\10087_RB301_V2_072221_1.0.2D"/>
						</Specs>
						<State>
							<DisplayFilter Value="[showLeftAdded, showRightAdded, showLeftChanged, showRightChanged, showConflict]"/>
						</State>
					</TDirCompareSession>
					<TTextCompareSession Value="unlockdata.exe.recipe &lt;--> cmd.bat">
						<LastModified Value="2021-07-19 11:10:09"/>
						<Specs>
							<Left Value="D:\work\vc_work\unlockdata\Debug\unlockdata.exe.recipe"/>
							<Right Value="D:\work\vc_work\unlockdata\Debug\cmd.bat"/>
						</Specs>
						<State>
							<ShowContext Value="True"/>
						</State>
					</TTextCompareSession>
					<TTextCompareSession Value="board.h &lt;--> board.h.txt">
						<LastModified Value="2021-07-19 11:08:02"/>
						<Specs>
							<Left Value="E:\vmware_disk\share_data\btwatch_release_2500b_btwatch_d8b4641_20210617\config\om_base\include\board.h"/>
							<Right Value="E:\vmware_disk\share_data\btwatch_release_2500b_btwatch_d8b4641_20210617\config\om_base\include\board.h.txt"/>
						</Specs>
						<State>
							<ShowContext Value="True"/>
						</State>
					</TTextCompareSession>
					<TDirCompareSession Value="om_base &lt;--> best2500p_btwatch_slave_bes">
						<LastModified Value="2021-07-17 15:11:14"/>
						<Specs>
							<Left Value="E:\vmware_disk\share_data\btwatch_release_2500b_btwatch_d8b4641_20210617\config\om_base"/>
							<Right Value="E:\vmware_disk\share_data\btwatch_release_2500b_btwatch_d8b4641_20210617\config\best2500p_btwatch_slave_bes"/>
						</Specs>
						<State>
							<DisplayFilter Value="[showLeftAdded, showRightAdded, showLeftChanged, showRightChanged, showConflict]"/>
						</State>
					</TDirCompareSession>
					<TDirCompareSession Value="bes_2500b &lt;--> btwatch_release_2500b_btwatch_d8b4641_20210617">
						<LastModified Value="2021-07-15 11:39:22"/>
						<Specs>
							<Left Value="D:\work\bes\2500b\base\bes_2500b"/>
							<Right Value="E:\vmware_disk\share_data\btwatch_release_2500b_btwatch_d8b4641_20210617"/>
						</Specs>
						<State>
							<DisplayFilter Value="[showLeftAdded, showRightAdded, showLeftChanged, showRightChanged, showConflict]"/>
						</State>
					</TDirCompareSession>
					<TDirCompareSession Value="ops &lt;--> wops">
						<LastModified Value="2021-07-15 11:39:22"/>
						<Specs>
							<Left Value="C:\Users\EDZ\Desktop\log\文件同步错误\ops"/>
							<Right Value="C:\Users\EDZ\Desktop\log\文件同步错误\wops"/>
						</Specs>
					</TDirCompareSession>
					<TDirCompareSession Value="sbee2_wristband_sdk_0.0.0.4(32664)">
						<LastModified Value="2021-07-15 11:39:22"/>
						<Specs>
							<Left Value="D:\work\RB301_8762D\8762D_RB301_SDK004\sbee2_wristband_sdk_0.0.0.4(32664)"/>
							<Right Value="D:\work\RB301_8762D\8762D_RB301_SDK004_git_master\8762D_RB301_SDK004\sbee2_wristband_sdk_0.0.0.4(32664)"/>
						</Specs>
						<State>
							<DisplayFilter Value="[showLeftAdded, showRightAdded, showLeftChanged, showRightChanged, showConflict]"/>
						</State>
					</TDirCompareSession>
					<TDirCompareSession Value="sbee2_wristband_sdk_0.0.0.4(32664) &lt;--> code">
						<LastModified Value="2021-07-15 11:39:22"/>
						<Specs>
							<Left Value="D:\work\RB301_8762D\8762D_RB301_SDK004\sbee2_wristband_sdk_0.0.0.4(32664)"/>
							<Right Value="D:\work\RB301_8762D\8762D_RB301_SDK004\backcode\code——tf-block\code"/>
						</Specs>
					</TDirCompareSession>
					<THexCompareSession Value="e5cfb41625d54fc9a9bff61ee7d7034a(1).OPUS &lt;--> b31296a910c690c652c04d13a2710fcf_f47d6b6c76c0568f01ba1fc2957de73a_8.opus">
						<LastModified Value="2021-07-10 15:44:15"/>
						<Specs>
							<Left Value="C:\Users\EDZ\Desktop\log\音频重复\e5cfb41625d54fc9a9bff61ee7d7034a(1).OPUS"/>
							<Right Value="C:\Users\EDZ\Desktop\log\音频重复\b31296a910c690c652c04d13a2710fcf_f47d6b6c76c0568f01ba1fc2957de73a_8.opus"/>
						</Specs>
					</THexCompareSession>
					<THexCompareSession Value="287B25873.OPS &lt;--> 287B25874.OPS">
						<LastModified Value="2021-07-09 17:38:07"/>
						<Specs>
							<Left Value="F:\tools\teraterm\recvdata\287B25873.OPS"/>
							<Right Value="F:\tools\teraterm\recvdata\287B25874.OPS"/>
						</Specs>
					</THexCompareSession>
					<THexCompareSession Value="b31296a910c690c652c04d13a2710fcf_f47d6b6c76c0568f01ba1fc2957de73a_8.opus &lt;--> 2874517C.ops">
						<LastModified Value="2021-07-09 11:01:05"/>
						<Specs>
							<Left Value="C:\Users\EDZ\Desktop\log\音频重复\b31296a910c690c652c04d13a2710fcf_f47d6b6c76c0568f01ba1fc2957de73a_8.opus"/>
							<Right Value="C:\Users\EDZ\Desktop\log\音频重复\2874517C.ops"/>
						</Specs>
					</THexCompareSession>
					<THexCompareSession Value="1.rec &lt;--> 1.wav">
						<LastModified Value="2021-07-01 19:30:37"/>
						<Specs>
							<Left Value="D:\work\vc_work\ogg_opus_windows\ogg_opus_windows\Debug\1.rec"/>
							<Right Value="D:\work\vc_work\ogg_opus_windows\ogg_opus_windows\Debug\1.wav"/>
						</Specs>
					</THexCompareSession>
					<THexCompareSession Value="GLOBAL.CF3 &lt;--> Backup of GLOBAL.CF3">
						<LastModified Value="2021-06-30 16:28:19"/>
						<Specs>
							<Left Value="C:\Users\EDZ\Documents\Source Insight\Settings\GLOBAL.CF3"/>
							<Right Value="C:\Users\EDZ\Documents\Source Insight\Settings\Backup of GLOBAL.CF3"/>
						</Specs>
					</THexCompareSession>
					<TDirCompareSession Value="sbee2_wristband_sdk_0.0.0.4(32664) &lt;--> wristband_rtt">
						<LastModified Value="2021-06-22 16:57:58"/>
						<Specs>
							<Left Value="F:\work\realtek\20210114_all_from_realtek_official_web(20210114_185022)\20210114_all_from_realtek_official_web\sbee2_wristband_sdk_0.0.0.4(32664)"/>
							<Right Value="F:\work\realtek\20210114_all_from_realtek_official_web(20210114_185022)\20210114_all_from_realtek_official_web\wristband_rtt"/>
						</Specs>
						<State>
							<DisplayFilter Value="[showLeftAdded, showRightAdded, showLeftChanged, showRightChanged, showConflict]"/>
						</State>
					</TDirCompareSession>
					<TDirCompareSession Value="wristband &lt;--> wristband_rtt">
						<LastModified Value="2021-06-22 11:45:24"/>
						<Specs>
							<Left Value="F:\work\realtek\20210114_all_from_realtek_official_web(20210114_185022)\20210114_all_from_realtek_official_web\sbee2_wristband_sdk_0.0.0.4(32664)\src\app\wristband"/>
							<Right Value="F:\work\realtek\20210114_all_from_realtek_official_web(20210114_185022)\20210114_all_from_realtek_official_web\wristband_rtt\src\app\wristband_rtt"/>
						</Specs>
						<State>
							<DisplayFilter Value="[showLeftAdded, showRightAdded, showLeftChanged, showRightChanged, showConflict]"/>
						</State>
					</TDirCompareSession>
					<THexCompareSession Value="ReadbackFlash(1)--msl400k.bin &lt;--> ReadbackFlash--msl机器 - 副本.bin">
						<LastModified Value="2021-06-12 15:38:41"/>
						<Specs>
							<Left Value="C:\Users\EDZ\Desktop\新建文件夹\ReadbackFlash(1)--msl400k.bin"/>
							<Right Value="C:\Users\EDZ\Desktop\新建文件夹\ReadbackFlash--msl机器 - 副本.bin"/>
						</Specs>
					</THexCompareSession>
					<THexCompareSession Value="ReadbackFlash--msl机器.bin &lt;--> ReadbackFlash--msl机器8M - 副本.bin">
						<LastModified Value="2021-06-12 15:34:28"/>
						<Specs>
							<Left Value="C:\Users\EDZ\Desktop\新建文件夹\ReadbackFlash--msl机器.bin"/>
							<Right Value="C:\Users\EDZ\Desktop\新建文件夹\ReadbackFlash--msl机器8M - 副本.bin"/>
						</Specs>
					</THexCompareSession>
					<THexCompareSession Value="ReadbackFlash--msl机器8M.bin &lt;--> ReadbackFlash--msl机器.bin">
						<LastModified Value="2021-06-12 15:33:19"/>
						<Specs>
							<Left Value="C:\Users\EDZ\Desktop\新建文件夹\ReadbackFlash--msl机器8M.bin"/>
							<Right Value="C:\Users\EDZ\Desktop\新建文件夹\ReadbackFlash--msl机器.bin"/>
						</Specs>
					</THexCompareSession>
					<THexCompareSession Value="ReadbackFlash--msl机器8M.bin &lt;--> ReadbackFlash(1)--msl400k.bin">
						<LastModified Value="2021-06-12 15:32:49"/>
						<Specs>
							<Left Value="C:\Users\EDZ\Desktop\新建文件夹\ReadbackFlash--msl机器8M.bin"/>
							<Right Value="C:\Users\EDZ\Desktop\新建文件夹\ReadbackFlash(1)--msl400k.bin"/>
						</Specs>
					</THexCompareSession>
					<TTextMergeSession Value="diskio.c">
						<LastModified Value="2021-06-04 10:50:16"/>
						<Specs>
							<Left Value="D:\work\RB301_8762D\8762D_RB301_SDK004\sbee2_wristband_sdk_0.0.0.4(32664)\src\app\wristband\FATFS\diskio.c.BASE.c"/>
							<Right Value="D:\work\RB301_8762D\8762D_RB301_SDK004\sbee2_wristband_sdk_0.0.0.4(32664)\src\app\wristband\FATFS\diskio.c.REMOTE.c"/>
							<Center Value="D:\work\RB301_8762D\8762D_RB301_SDK004\sbee2_wristband_sdk_0.0.0.4(32664)\src\app\wristband\FATFS\diskio.c.LOCAL.c"/>
							<Output Value="D:\work\RB301_8762D\8762D_RB301_SDK004\sbee2_wristband_sdk_0.0.0.4(32664)\src\app\wristband\FATFS\diskio.c"/>
						</Specs>
					</TTextMergeSession>
					<TDirCompareSession Value="spi_sd_drv">
						<LastModified Value="2021-06-03 21:30:01"/>
						<Specs>
							<Left Value="D:\work\RB301_8762D\8762D_RB301_SDK004\sbee2_wristband_sdk_0.0.0.4(32664)\src\app\wristband\sensor_driver\spi_sd_drv"/>
							<Right Value="C:\Users\EDZ\Desktop\log\spi_sd_drv_3\spi_sd_drv"/>
						</Specs>
						<State>
							<DisplayFilter Value="[showLeftAdded, showRightAdded, showLeftChanged, showRightChanged, showConflict]"/>
						</State>
					</TDirCompareSession>
					<THexCompareSession Value="ReadbackFlash-下载后不开机.bin &lt;--> ReadbackFlash-清除下载后ok.bin">
						<LastModified Value="2021-06-03 21:30:01"/>
						<Specs>
							<Left Value="C:\Users\EDZ\Desktop\log\eror_ex\liXueLi\ReadbackFlash-下载后不开机.bin"/>
							<Right Value="C:\Users\EDZ\Desktop\log\eror_ex\liXueLi\ReadbackFlash-清除下载后ok.bin"/>
						</Specs>
					</THexCompareSession>
					<TDirCompareSession Value="wf_0429.rar &lt;--> wf_0602.rar">
						<LastModified Value="2021-06-02 17:26:20"/>
						<Specs>
							<Left Value="F:\work\2020\科大讯飞\code\wf_0429.rar"/>
							<Right Value="F:\work\2020\科大讯飞\code\wf_0602.rar"/>
						</Specs>
						<State>
							<DisplayFilter Value="[showLeftAdded, showRightAdded, showLeftChanged, showRightChanged, showConflict]"/>
						</State>
					</TDirCompareSession>
					<TDirCompareSession Value="10073_RB301_V2_052221_1.0.0D &lt;--> 12345_RB301_V1_042021_1.0.0D_31B">
						<LastModified Value="2021-06-02 17:23:58"/>
						<Specs>
							<Left Value="D:\work\RB301_8762D\bins\10073_RB301_V2_052221_1.0.0D"/>
							<Right Value="D:\work\RB301_8762D\bins\12345_RB301_V1_042021_1.0.0D_31B"/>
						</Specs>
						<State>
							<DisplayFilter Value="[showLeftAdded, showRightAdded, showLeftChanged, showRightChanged, showConflict]"/>
						</State>
					</TDirCompareSession>
					<TDirCompareSession Value="RB301_SDK_0602 &lt;--> 8762D_RB301">
						<LastModified Value="2021-06-02 17:23:58"/>
						<Specs>
							<Left Value="F:\work\2020\科大讯飞\code\code_wf\RB301_SDK_0602"/>
							<Right Value="F:\work\2020\科大讯飞\code\code_wf\8762D_RB301"/>
						</Specs>
						<State>
							<DisplayFilter Value="[showLeftAdded, showRightAdded, showLeftChanged, showRightChanged, showConflict]"/>
						</State>
					</TDirCompareSession>
					<TDirCompareSession Value="RB301_SDK_0602 &lt;--> wf_0429">
						<LastModified Value="2021-06-02 17:23:58"/>
						<Specs>
							<Left Value="F:\work\2020\科大讯飞\code\code_wf\RB301_SDK_0602"/>
							<Right Value="F:\work\2020\科大讯飞\code\wf_0429"/>
						</Specs>
						<State>
							<DisplayFilter Value="[showLeftAdded, showRightAdded, showLeftChanged, showRightChanged, showConflict]"/>
						</State>
					</TDirCompareSession>
					<TDirCompareSession Value="sbee2_wristband_sdk_0.0.0.4(32664)">
						<LastModified Value="2021-06-02 17:23:58"/>
						<Specs>
							<Left Value="F:\work\2020\科大讯飞\code\code_wf\RB301_SDK_0602\8762D_RB301_SDK004\sbee2_wristband_sdk_0.0.0.4(32664)"/>
							<Right Value="F:\work\2020\科大讯飞\code\wf_0429\sbee2_wristband_sdk_0.0.0.4(32664)"/>
						</Specs>
						<State>
							<DisplayFilter Value="[showLeftAdded, showRightAdded, showLeftChanged, showRightChanged, showConflict]"/>
						</State>
					</TDirCompareSession>
					<TDirCompareSession Value="sbee2_wristband_sdk_0.0.0.4(32664)">
						<LastModified Value="2021-06-02 17:19:50"/>
						<Specs>
							<Left Value="F:\work\2020\科大讯飞\code\code_wf\RB301_SDK_0602\8762D_RB301_SDK004\sbee2_wristband_sdk_0.0.0.4(32664)"/>
							<Right Value="F:\work\2020\科大讯飞\code\RB301_SDK_0429\8762D_RB301_SDK004\sbee2_wristband_sdk_0.0.0.4(32664)"/>
						</Specs>
						<State>
							<DisplayFilter Value="[showLeftAdded, showRightAdded, showLeftChanged, showRightChanged, showConflict]"/>
						</State>
					</TDirCompareSession>
					<THexCompareSession Value="ReadbackFlash_error_0070_8000000.bin &lt;--> ReadbackFlash_OK_0070_8000000.bin">
						<LastModified Value="2021-05-31 21:08:17"/>
						<Specs>
							<Left Value="C:\Users\EDZ\Desktop\log\eror_ex\eror_ex\ReadbackFlash_error_0070_8000000.bin"/>
							<Right Value="C:\Users\EDZ\Desktop\log\eror_ex\eror_ex\ReadbackFlash_OK_0070_8000000.bin"/>
						</Specs>
					</THexCompareSession>
					<THexCompareSession Value="ReadbackFlash_error_0070_8000000.bin &lt;--> upperstack_MP_000#####_1.0.55.0_ac0393be-366ea7c1025c645509466a40ffd70133.bin">
						<LastModified Value="2021-05-31 17:19:56"/>
						<Specs>
							<Left Value="C:\Users\EDZ\Desktop\log\eror_ex\eror_ex\ReadbackFlash_error_0070_8000000.bin"/>
							<Right Value="D:\work\RB301_8762D\8762D_RB301_SDK004\sbee2_wristband_sdk_0.0.0.4(32664)\board\evb_stack_img\wristband\firmware\upperstack_img\upperstack_MP_000#####_1.0.55.0_ac0393be-366ea7c1025c645509466a40ffd70133.bin"/>
						</Specs>
					</THexCompareSession>
					<TDirCompareSession Value="sbee2_wristband_sdk_0.0.0.4(32664)">
						<LastModified Value="2021-05-30 14:34:51"/>
						<Specs>
							<Left Value="D:\work\RB301_8762D\8762D_RB301_RTK004_ota0\8762D_RB301_SDK004\sbee2_wristband_sdk_0.0.0.4(32664)"/>
							<Right Value="D:\work\RB301_8762D\8762D_RB301_SDK004\sbee2_wristband_sdk_0.0.0.4(32664)"/>
						</Specs>
						<State>
							<DisplayFilter Value="[showLeftAdded, showRightAdded, showLeftChanged, showRightChanged, showConflict]"/>
						</State>
					</TDirCompareSession>
					<TDirCompareSession Value="10071_RB301_V2_052821_1.0.0_ota1_release &lt;--> 10072_RB301_V2_052921_1.0.1_ota1_release">
						<LastModified Value="2021-05-29 15:26:31"/>
						<Specs>
							<Left Value="D:\work\RB301_8762D\bins\10071_RB301_V2_052821_1.0.0_ota1_release"/>
							<Right Value="D:\work\RB301_8762D\bins\10072_RB301_V2_052921_1.0.1_ota1_release"/>
						</Specs>
						<State>
							<DisplayFilter Value="[showLeftAdded, showRightAdded, showLeftChanged, showRightChanged, showConflict]"/>
						</State>
					</TDirCompareSession>
					<TDirCompareSession Value="10072_RB301_V2_052921_1.0.1_ota1_debug &lt;--> 10071_RB301_V2_052821_1.0.0_ota1_debug">
						<LastModified Value="2021-05-29 15:26:08"/>
						<Specs>
							<Left Value="D:\work\RB301_8762D\bins\10072_RB301_V2_052921_1.0.1_ota1_debug"/>
							<Right Value="D:\work\RB301_8762D\bins\10071_RB301_V2_052821_1.0.0_ota1_debug"/>
						</Specs>
						<State>
							<DisplayFilter Value="[showLeftAdded, showRightAdded, showLeftChanged, showRightChanged, showConflict]"/>
						</State>
					</TDirCompareSession>
					<TDirCompareSession Value="10071_RB301_V2_052821_1.0.0_ota1_release &lt;--> 10072_RB301_V2_052921_1.0.1_ota1_release">
						<LastModified Value="2021-05-29 15:24:38"/>
						<Specs>
							<Left Value="D:\work\RB301_8762D\bins\10071_RB301_V2_052821_1.0.0_ota1_release\10071_RB301_V2_052821_1.0.0_ota1_release"/>
							<Right Value="D:\work\RB301_8762D\bins\10072_RB301_V2_052921_1.0.1_ota1_release"/>
						</Specs>
						<State>
							<DisplayFilter Value="[showLeftAdded, showRightAdded, showLeftChanged, showRightChanged, showConflict]"/>
						</State>
					</TDirCompareSession>
					<TDirCompareSession Value="10071_RB301_V2_052821_1.0.0_ota1_debug &lt;--> 10072_RB301_V2_052921_1.0.1_ota1_debug">
						<LastModified Value="2021-05-29 15:24:16"/>
						<Specs>
							<Left Value="D:\work\RB301_8762D\bins\10071_RB301_V2_052821_1.0.0_ota1_debug\10071_RB301_V2_052821_1.0.0_ota1_debug"/>
							<Right Value="D:\work\RB301_8762D\bins\10072_RB301_V2_052921_1.0.1_ota1_debug"/>
						</Specs>
						<State>
							<DisplayFilter Value="[showLeftAdded, showRightAdded, showLeftChanged, showRightChanged, showConflict]"/>
						</State>
					</TDirCompareSession>
					<TDirCompareSession Value="sbee2_wristband_sdk_0.0.0.4(32664)">
						<LastModified Value="2021-05-29 15:00:46"/>
						<Specs>
							<Left Value="D:\work\RB301_8762D\8762D_RB301_RTK004_67A\8762D_RB301_SDK004\sbee2_wristband_sdk_0.0.0.4(32664)"/>
							<Right Value="D:\work\RB301_8762D\8762D_RB301_SDK004\sbee2_wristband_sdk_0.0.0.4(32664)"/>
						</Specs>
						<State>
							<DisplayFilter Value="[showLeftAdded, showRightAdded, showLeftChanged, showRightChanged, showConflict]"/>
						</State>
					</TDirCompareSession>
					<TDirCompareSession Value="10071_RB301_V2_052621_1.0.0_ota1_debug &lt;--> 10071_RB301_V2_052821_1.0.0_ota1_debug">
						<LastModified Value="2021-05-29 01:04:43"/>
						<Specs>
							<Left Value="D:\work\RB301_8762D\bins\10071_RB301_V2_052621_1.0.0_ota1_debug"/>
							<Right Value="D:\work\RB301_8762D\bins\10071_RB301_V2_052821_1.0.0_ota1_debug"/>
						</Specs>
						<State>
							<DisplayFilter Value="[showLeftAdded, showRightAdded, showLeftChanged, showRightChanged, showConflict]"/>
						</State>
					</TDirCompareSession>
					<THexCompareSession Value="ReadbackFlash--必现恢复出厂设置卡死.bin &lt;--> upperstack_MP_000#####_1.0.66.0_a602a027-6a19b020b8c7965f081a72030f8f9292.bin">
						<LastModified Value="2021-05-28 18:47:47"/>
						<Specs>
							<Left Value="C:\Users\EDZ\Desktop\ReadbackFlash--必现恢复出厂设置卡死.bin"/>
							<Right Value="D:\work\RB301_8762D\bins\10071_RB301_V2_052621_1.0.0_ota1_debug\upperstack_MP_000#####_1.0.66.0_a602a027-6a19b020b8c7965f081a72030f8f9292.bin"/>
						</Specs>
					</THexCompareSession>
					<THexCompareSession Value="ReadbackFlash--2669.bin &lt;--> Patch_MP_release_0.0.172.13_1bdcef11-1e2841ecd1862e26ad0ab3c1cc3c521a.bin">
						<LastModified Value="2021-05-28 18:44:06"/>
						<Specs>
							<Left Value="C:\Users\EDZ\Desktop\ReadbackFlash--2669.bin"/>
							<Right Value="D:\work\RB301_8762D\bins\10071_RB301_V2_052621_1.0.0_ota1_debug\Patch_MP_release_0.0.172.13_1bdcef11-1e2841ecd1862e26ad0ab3c1cc3c521a.bin"/>
						</Specs>
					</THexCompareSession>
					<THexCompareSession Value="ReadbackFlash.bin &lt;--> ReadbackFlash——f00000.bin">
						<LastModified Value="2021-05-24 16:02:08"/>
						<Specs>
							<Left Value="F:\work\realtek\20210108_tools_patch_sdk(20210108_102034)\20210108_tools_patch_sdk\Tool_Kits_20201230(32978)\Tool_Kits_20201230\Bee2MPTool_kits_v1.0.4.1\Bee2MPTool_kits_v1.0.4.1\Bee2MPTool\ReadbackFlash.bin"/>
							<Right Value="F:\work\realtek\20210108_tools_patch_sdk(20210108_102034)\20210108_tools_patch_sdk\Tool_Kits_20201230(32978)\Tool_Kits_20201230\Bee2MPTool_kits_v1.0.4.1\Bee2MPTool_kits_v1.0.4.1\Bee2MPTool\ReadbackFlash——f00000.bin"/>
						</Specs>
					</THexCompareSession>
					<THexCompareSession Value="IflytekJiZhi_normal_0522.apk &lt;--> IflytekJiZhi_1174_normal_0522.apk">
						<LastModified Value="2021-05-22 18:34:00"/>
						<Specs>
							<Left Value="C:\Users\EDZ\Downloads\IflytekJiZhi_normal_0522.apk"/>
							<Right Value="C:\Users\EDZ\Downloads\IflytekJiZhi_1174_normal_0522.apk"/>
						</Specs>
					</THexCompareSession>
					<TDirCompareSession Value="sbee2_wristband_sdk_0.0.0.4(32664) &lt;--> sbee2_wristband_sdk_0.0.0.4(32664) - 副本">
						<LastModified Value="2021-05-22 18:21:07"/>
						<Specs>
							<Left Value="D:\work\RB301_8762D\8762D_RB301_SDK004\sbee2_wristband_sdk_0.0.0.4(32664)"/>
							<Right Value="D:\work\RB301_8762D\8762D_RB301_SDK004\sbee2_wristband_sdk_0.0.0.4(32664) - 副本"/>
						</Specs>
					</TDirCompareSession>
					<TTextMergeSession Value="wristband_global_data.c">
						<LastModified Value="2021-05-22 18:14:38"/>
						<Specs>
							<Left Value="D:\work\RB301_8762D\8762D_RB301_SDK004\sbee2_wristband_sdk_0.0.0.4(32664)\src\app\wristband\module\wristband_global_data.c.BASE.c"/>
							<Right Value="D:\work\RB301_8762D\8762D_RB301_SDK004\sbee2_wristband_sdk_0.0.0.4(32664)\src\app\wristband\module\wristband_global_data.c.REMOTE.c"/>
							<Center Value="D:\work\RB301_8762D\8762D_RB301_SDK004\sbee2_wristband_sdk_0.0.0.4(32664)\src\app\wristband\module\wristband_global_data.c.LOCAL.c"/>
							<Output Value="D:\work\RB301_8762D\8762D_RB301_SDK004\sbee2_wristband_sdk_0.0.0.4(32664)\src\app\wristband\module\wristband_global_data.c"/>
						</Specs>
					</TTextMergeSession>
					<TTextCompareSession Value="module_dmic.c">
						<LastModified Value="2021-05-21 20:36:57"/>
						<Specs>
							<Left Value="D:\work\RB301_8762D\8762D_RB301_SDK004\sbee2_wristband_sdk_0.0.0.4(32664)\src\app\wristband\module\module_dmic.c"/>
							<Right Value="C:\Users\EDZ\Desktop\module_dmic.c"/>
						</Specs>
						<State>
							<ShowContext Value="True"/>
						</State>
					</TTextCompareSession>
					<TDirCompareSession Value="bin &lt;--> trace">
						<LastModified Value="2021-05-19 11:44:29"/>
						<Specs>
							<Left Value="D:\work\RB301_8762D\8762D_RB301_SDK004\sbee2_wristband_sdk_0.0.0.4(32664)\board\evb_stack_img\wristband\bin"/>
							<Right Value="D:\work\RB301_8762D\bins\12345_RB301_V1_042021_1.0.0D_31B\trace"/>
						</Specs>
					</TDirCompareSession>
					<TDirCompareSession Value="10062_RB301_V2_051421_1.0.0_release &lt;--> 10063_RB301_V2_051421_1.0.0_release">
						<LastModified Value="2021-05-15 00:26:32"/>
						<Specs>
							<Left Value="D:\work\RB301_8762D\bins\10062_RB301_V2_051421_1.0.0_release"/>
							<Right Value="D:\work\RB301_8762D\bins\10063_RB301_V2_051421_1.0.0_release"/>
						</Specs>
						<State>
							<DisplayFilter Value="[showLeftAdded, showRightAdded, showLeftChanged, showRightChanged, showConflict]"/>
						</State>
					</TDirCompareSession>
					<TDirCompareSession Value="12345_RB301_V1_042021_1.0.0D_31B &lt;--> 10062_RB301_V2_051421_1.0.0_release">
						<LastModified Value="2021-05-15 00:23:19"/>
						<Specs>
							<Left Value="D:\work\RB301_8762D\bins\12345_RB301_V1_042021_1.0.0D_31B"/>
							<Right Value="D:\work\RB301_8762D\bins\10062_RB301_V2_051421_1.0.0_release"/>
						</Specs>
						<State>
							<DisplayFilter Value="[showLeftAdded, showRightAdded, showLeftChanged, showRightChanged, showConflict]"/>
						</State>
					</TDirCompareSession>
					<TDirCompareSession Value="sbee2_wristband_sdk_0.0.0.4(32664) &lt;--> RB301_Remove_RTC">
						<LastModified Value="2021-05-13 10:41:42"/>
						<Specs>
							<Left Value="D:\work\RB301_8762D\8762D_RB301_SDK004\sbee2_wristband_sdk_0.0.0.4(32664)"/>
							<Right Value="D:\work\RB301_8762D\11\RB301_Remove_RTC\RB301_Remove_RTC"/>
						</Specs>
						<State>
							<DisplayFilter Value="[showLeftAdded, showRightAdded, showLeftChanged, showRightChanged, showConflict]"/>
						</State>
					</TDirCompareSession>
					<THexCompareSession Value="test1-12800.ops &lt;--> test1-0 - 640.ops">
						<LastModified Value="2021-05-04 20:37:24"/>
						<Specs>
							<Left Value="D:\work\vc_work\ogg_opus_windows\ogg_opus_windows\Debug\test1-12800.ops"/>
							<Right Value="D:\work\vc_work\ogg_opus_windows\ogg_opus_windows\Debug\test1-0 - 640.ops"/>
						</Specs>
					</THexCompareSession>
					<THexCompareSession Value="test1 - 副本 (2).ops &lt;--> test1 - 副本.ops">
						<LastModified Value="2021-05-04 16:50:25"/>
						<Specs>
							<Left Value="D:\work\vc_work\ogg_opus_windows\ogg_opus_windows\Debug\test1 - 副本 (2).ops"/>
							<Right Value="D:\work\vc_work\ogg_opus_windows\ogg_opus_windows\Debug\test1 - 副本.ops"/>
						</Specs>
					</THexCompareSession>
					<THexCompareSession Value="test1 - 副本 (3).ops &lt;--> test1 - 副本 (2).ops">
						<LastModified Value="2021-05-04 16:50:25"/>
						<Specs>
							<Left Value="D:\work\vc_work\ogg_opus_windows\ogg_opus_windows\Debug\test1 - 副本 (3).ops"/>
							<Right Value="D:\work\vc_work\ogg_opus_windows\ogg_opus_windows\Debug\test1 - 副本 (2).ops"/>
						</Specs>
					</THexCompareSession>
					<THexCompareSession Value="test1 - 副本.ops &lt;--> test1 - 副本 (3).ops">
						<LastModified Value="2021-05-04 16:50:25"/>
						<Specs>
							<Left Value="D:\work\vc_work\ogg_opus_windows\ogg_opus_windows\Debug\test1 - 副本.ops"/>
							<Right Value="D:\work\vc_work\ogg_opus_windows\ogg_opus_windows\Debug\test1 - 副本 (3).ops"/>
						</Specs>
					</THexCompareSession>
					<THexCompareSession Value="test1-0 - 640.ops &lt;--> test1-0.ops">
						<LastModified Value="2021-05-04 16:50:25"/>
						<Specs>
							<Left Value="D:\work\vc_work\ogg_opus_windows\ogg_opus_windows\Debug\test1-0 - 640.ops"/>
							<Right Value="D:\work\vc_work\ogg_opus_windows\ogg_opus_windows\Debug\test1-0.ops"/>
						</Specs>
					</THexCompareSession>
					<THexCompareSession Value="test1-0 - c80.ops &lt;--> test1-0.ops">
						<LastModified Value="2021-05-04 16:50:25"/>
						<Specs>
							<Left Value="D:\work\vc_work\ogg_opus_windows\ogg_opus_windows\Debug\test1-0 - c80.ops"/>
							<Right Value="D:\work\vc_work\ogg_opus_windows\ogg_opus_windows\Debug\test1-0.ops"/>
						</Specs>
					</THexCompareSession>
					<THexCompareSession Value="test1-12800.ops &lt;--> test1-0 - 1600.ops">
						<LastModified Value="2021-05-04 16:50:25"/>
						<Specs>
							<Left Value="D:\work\vc_work\ogg_opus_windows\ogg_opus_windows\Debug\test1-12800.ops"/>
							<Right Value="D:\work\vc_work\ogg_opus_windows\ogg_opus_windows\Debug\test1-0 - 1600.ops"/>
						</Specs>
					</THexCompareSession>
					<THexCompareSession Value="test1-25600.ops &lt;--> test1-0 - c80.ops">
						<LastModified Value="2021-05-04 16:50:25"/>
						<Specs>
							<Left Value="D:\work\vc_work\ogg_opus_windows\ogg_opus_windows\Debug\test1-25600.ops"/>
							<Right Value="D:\work\vc_work\ogg_opus_windows\ogg_opus_windows\Debug\test1-0 - c80.ops"/>
						</Specs>
					</THexCompareSession>
					<THexCompareSession Value="test1.ops &lt;--> test1 - 副本 - 副本.ops.bak">
						<LastModified Value="2021-05-04 16:13:43"/>
						<Specs>
							<Left Value="D:\work\vc_work\ogg_opus_windows\ogg_opus_windows\Debug\test1.ops"/>
							<Right Value="D:\work\vc_work\ogg_opus_windows\ogg_opus_windows\Debug\test1 - 副本 - 副本.ops.bak"/>
						</Specs>
					</THexCompareSession>
					<THexCompareSession Value="test1 - 副本 - 副本.ops.bak &lt;--> test1 - 副本 - 副本.ops">
						<LastModified Value="2021-05-04 16:12:07"/>
						<Specs>
							<Left Value="D:\work\vc_work\ogg_opus_windows\ogg_opus_windows\Debug\test1 - 副本 - 副本.ops.bak"/>
							<Right Value="D:\work\vc_work\ogg_opus_windows\ogg_opus_windows\Debug\test1 - 副本 - 副本.ops"/>
						</Specs>
					</THexCompareSession>
					<THexCompareSession Value="test1 - 副本 - 副本.ops.bak &lt;--> test1.ops">
						<LastModified Value="2021-05-04 16:11:21"/>
						<Specs>
							<Left Value="D:\work\vc_work\ogg_opus_windows\ogg_opus_windows\Debug\test1 - 副本 - 副本.ops.bak"/>
							<Right Value="D:\work\vc_work\ogg_opus_windows\ogg_opus_windows\Debug\test1.ops"/>
						</Specs>
					</THexCompareSession>
					<THexCompareSession Value="test1 - 副本.ops &lt;--> test1.ops">
						<LastModified Value="2021-05-04 16:10:33"/>
						<Specs>
							<Left Value="D:\work\vc_work\ogg_opus_windows\ogg_opus_windows\Debug\test1 - 副本.ops"/>
							<Right Value="D:\work\vc_work\ogg_opus_windows\ogg_opus_windows\Debug\test1.ops"/>
						</Specs>
					</THexCompareSession>
					<THexCompareSession Value="test1.ops &lt;--> test1 - 副本.ops">
						<LastModified Value="2021-05-04 16:08:39"/>
						<Specs>
							<Left Value="D:\work\vc_work\ogg_opus_windows\ogg_opus_windows\Debug\test1.ops"/>
							<Right Value="D:\work\vc_work\ogg_opus_windows\ogg_opus_windows\Debug\test1 - 副本.ops"/>
						</Specs>
					</THexCompareSession>
					<TDirCompareSession Value="sbee2_wristband_sdk_0.0.0.4(32664)">
						<LastModified Value="2021-05-02 21:03:44"/>
						<Specs>
							<Left Value="F:\work\2020\科大讯飞\code\RB301_SDK_0429\8762D_RB301_SDK004\sbee2_wristband_sdk_0.0.0.4(32664)"/>
							<Right Value="F:\work\realtek\20210114_all_from_realtek_official_web(20210114_185022)\20210114_all_from_realtek_official_web\sbee2_wristband_sdk_0.0.0.4(32664)"/>
						</Specs>
						<State>
							<DisplayFilter Value="[showLeftAdded, showRightAdded, showLeftChanged, showRightChanged, showConflict]"/>
						</State>
					</TDirCompareSession>
					<TDirCompareSession Value="sbee2_wristband_sdk_0.0.0.4(32664)">
						<LastModified Value="2021-05-02 21:03:44"/>
						<Specs>
							<Left Value="F:\work\2020\科大讯飞\code\RB301_SDK_0429\8762D_RB301_SDK004\sbee2_wristband_sdk_0.0.0.4(32664)"/>
							<Right Value="F:\work\2020\科大讯飞\code\sbee2_wristband_sdk_0.0.0.4(32664)"/>
						</Specs>
						<State>
							<DisplayFilter Value="[showLeftAdded, showRightAdded, showLeftChanged, showRightChanged, showConflict]"/>
						</State>
					</TDirCompareSession>
					<TDirCompareSession Value="wristband">
						<LastModified Value="2021-05-02 21:03:44"/>
						<Specs>
							<Left Value="D:\work\RB301_8762D\8762D_RB301_SDK004\sbee2_wristband_sdk_0.0.0.4(32664)\src\app\wristband"/>
							<Right Value="D:\work\RB301_8762D\11\wristband"/>
						</Specs>
						<State>
							<DisplayFilter Value="[showLeftAdded, showRightAdded, showLeftChanged, showRightChanged, showConflict]"/>
						</State>
					</TDirCompareSession>
					<TDirCompareSession Value="wristband">
						<LastModified Value="2021-05-02 21:03:44"/>
						<Specs>
							<Left Value="D:\work\RB301_8762D\8762D_RB301_SDK004\sbee2_wristband_sdk_0.0.0.4(32664)\src\app\wristband"/>
							<Right Value="F:\work\2020\科大讯飞\code\RB301_SDK_0429\8762D_RB301_SDK004\sbee2_wristband_sdk_0.0.0.4(32664)\src\app\wristband"/>
						</Specs>
						<State>
							<DisplayFilter Value="[showLeftAdded, showRightAdded, showLeftChanged, showRightChanged, showConflict]"/>
						</State>
					</TDirCompareSession>
					<TDirCompareSession Value="os">
						<LastModified Value="2021-04-30 15:45:43"/>
						<Specs>
							<Left Value="F:\work\2020\科大讯飞\code\RB301_SDK_0429\8762D_RB301_SDK004\sbee2_wristband_sdk_0.0.0.4(32664)\src\os"/>
							<Right Value="F:\work\realtek\20210114_all_from_realtek_official_web(20210114_185022)\20210114_all_from_realtek_official_web\sbee2_wristband_sdk_0.0.0.4(32664)\src\os"/>
						</Specs>
						<State>
							<DisplayFilter Value="[showLeftAdded, showRightAdded, showLeftChanged, showRightChanged, showConflict]"/>
						</State>
					</TDirCompareSession>
					<TDirCompareSession Value="RB301_SDK_0429 &lt;--> code_wf">
						<LastModified Value="2021-04-30 15:45:43"/>
						<Specs>
							<Left Value="F:\work\2020\科大讯飞\code\RB301_SDK_0429"/>
							<Right Value="F:\work\2020\科大讯飞\code\code_wf"/>
						</Specs>
						<State>
							<DisplayFilter Value="[showLeftAdded, showRightAdded, showLeftChanged, showRightChanged, showConflict]"/>
						</State>
					</TDirCompareSession>
					<TDirCompareSession Value="sbee2_wristband_sdk_0.0.0.4(32664)">
						<LastModified Value="2021-04-30 15:45:43"/>
						<Specs>
							<Left Value="F:\work\2020\科大讯飞\code\RB301_SDK_0429\8762D_RB301_SDK004\sbee2_wristband_sdk_0.0.0.4(32664)"/>
							<Right Value="F:\work\2020\科大讯飞\code\wf_0330\RB301_sourcecode_210329\8762D_RB301_SDK004\sbee2_wristband_sdk_0.0.0.4(32664)"/>
						</Specs>
						<State>
							<DisplayFilter Value="[showSame]"/>
						</State>
					</TDirCompareSession>
					<TDirCompareSession Value="sbee2_wristband_sdk_0.0.0.4(32664) &lt;--> SBEE2-WRISTBAND-V0.0.2">
						<LastModified Value="2021-04-30 15:45:43"/>
						<Specs>
							<Left Value="F:\work\2020\科大讯飞\code\RB301_SDK_0429\8762D_RB301_SDK004\sbee2_wristband_sdk_0.0.0.4(32664)"/>
							<Right Value="F:\work\2020\科大讯飞\code\code_wf\8762D_RB301\SBEE2-WRISTBAND-V0.0.2"/>
						</Specs>
						<State>
							<DisplayFilter Value="[showLeftAdded, showRightAdded, showLeftChanged, showRightChanged, showConflict]"/>
						</State>
					</TDirCompareSession>
					<TDirCompareSession Value="wf_0330 &lt;--> RB301_SDK_0429">
						<LastModified Value="2021-04-30 15:45:43"/>
						<Specs>
							<Left Value="F:\work\2020\科大讯飞\code\wf_0330"/>
							<Right Value="F:\work\2020\科大讯飞\code\RB301_SDK_0429"/>
						</Specs>
						<State>
							<DisplayFilter Value="[showLeftAdded, showRightAdded, showLeftChanged, showRightChanged, showConflict]"/>
						</State>
					</TDirCompareSession>
					<TDirCompareSession Value="10047_RB301_V2_042821_1.0.0D_31B &lt;--> 10048_RB301_V2_043021_1.0.0D">
						<LastModified Value="2021-04-30 03:20:48"/>
						<Specs>
							<Left Value="D:\work\RB301_8762D\bins\10047_RB301_V2_042821_1.0.0D_31B"/>
							<Right Value="D:\work\RB301_8762D\bins\10048_RB301_V2_043021_1.0.0D"/>
						</Specs>
						<State>
							<DisplayFilter Value="[showLeftAdded, showRightAdded, showLeftChanged, showRightChanged, showConflict]"/>
						</State>
					</TDirCompareSession>
				</Items>
			</TSessionFolder>
			<TDirCompareSession>
				<State>
					<DisplayFilter Value="[showLeftAdded, showRightAdded, showLeftChanged, showRightChanged, showConflict]"/>
				</State>
			</TDirCompareSession>
			<TTextCompareSession>
				<State>
					<ShowContext Value="True"/>
				</State>
			</TTextCompareSession>
		</Items>
	</TSessionFolder>
</BCSessions>
