<?xml version="1.0" encoding="UTF-8"?>
<!-- Produced by Beyond Compare 4 from Scooter Software -->
<BCState Version="1" MinVersion="1">
	<TBcState>
		<FirstStartup Value="False"/>
		<FormPositions>
			<TDirCompareSessionDialog Value="661;199;1259;800"/>
			<TOpFilteredDialog Value="768;266;1151;733"/>
			<TProfileBrowseDialog Value="539;159;1381;839"/>
			<TViewFrame Value="160;147;1792;979;;120"/>
		</FormPositions>
	</TBcState>
	<TDirCompareState>
		<LeftMRUSpecs>
			<_0 Value="Z:\work\es603\guch\repo_bes2500ya_demo"/>
			<_1 Value="Z:\work\es603\guch\repo_bes2500ya_demo\apps\voca\ui\es603"/>
			<_2 Value="Z:\work\es603\guch\repo_bes2500ya_demo\apps"/>
			<_3 Value="Z:\work\es603\master_server\repo_bes2500ya_demo"/>
			<_4 Value="Z:\work\es603\master_server"/>
			<_5 Value="Z:\work\k74\repo_bes2500_demo\trunk"/>
			<_6 Value="Z:\work\k74\master\repo_bes2500_demo\trunk"/>
			<_7 Value="Z:\work\k74\repo_bes2500_demo"/>
			<_8 Value="Z:\work\k74\master\repo_bes2500_demo"/>
		</LeftMRUSpecs>
		<LogHeight Value="0"/>
		<MRUFilters>
			<_0 Value="-.git\"/>
		</MRUFilters>
		<RightMRUSpecs>
			<_0 Value="Z:\work\es603\guch\bak1"/>
			<_1 Value="Z:\work\es603\guch\bak_211023\apps - 副本\voca\ui\es603"/>
			<_2 Value="Z:\work\es603\guch\bak_211023"/>
			<_3 Value="Z:\work\es603\master_server\repo_bes2500ya_demo"/>
			<_4 Value="Z:\work\es603\master_server\repo_bes2500ya_demo\apps"/>
			<_5 Value="Z:\work\es603\guch\repo_bes2500ya_demo"/>
			<_6 Value="Z:\work\es603\guch"/>
			<_7 Value="Z:\work\k74\master\repo_bes2500_demo\trunk"/>
			<_8 Value="Z:\work\k74\repo_bes2500_demo\trunk"/>
		</RightMRUSpecs>
	</TDirCompareState>
	<THexCompareState>
		<LeftMRUSpecs>
			<_0 Value="C:\Users\EDZ\Desktop\ReadbackFlash.bin"/>
			<_1 Value="Z:\work\es603\guch\repo_bes2500ya_demo\services\ibrt_core\lib\libtws_ibrt_enhanced_stack_RTX5_ANC.a"/>
			<_2 Value="Z:\work\es603\guch\repo_bes2500ya_demo\services\ibrt_core\lib\libtws_ibrt_enhanced_stack_RTX5.a"/>
			<_3 Value="Z:\work\es603\guch\repo_bes2500ya_demo\services\ibrt_core\lib\libtws_ibrt_enhanced_stack_ble_RTX5_ANC.a"/>
			<_4 Value="Z:\work\es603\guch\repo_bes2500ya_demo\services\ibrt_core\lib\libtws_ibrt_enhanced_stack_ble_RTX5.a"/>
			<_5 Value="D:\work\RB301_8762D\bins\12345_RB301_V1_042021_1.0.0D_31B\trace\app_bak.bin"/>
			<_6 Value="D:\work\RB301_8762D\bins\10089_RB301_V2_100821_1.0.4D_debug\trace\Patch_MP_release#_0.0.239.11_741c7ff3-0d2a109c1177e147c819d08235e54e53.bin"/>
			<_7 Value="D:\work\RB301_8762D\bins\10089_RB301_V2_100821_1.0.4D_debug\trace\app.bin"/>
			<_8 Value="Z:\work\k74\master\repo_bes2500_demo\trunk\services\ibrt_ui\lib\libtws_ibrt_enhanced_stack_RTX5.a"/>
		</LeftMRUSpecs>
		<MRUFonts>
			<_0 Value="Consolas;10"/>
		</MRUFonts>
		<RightMRUSpecs>
			<_0 Value="C:\Users\EDZ\Desktop\设置1W，8000提醒.bin"/>
			<_1 Value="Z:\work\es603\master_server\repo_bes2500ya_demo\services\ibrt_core\lib\libtws_ibrt_enhanced_stack_RTX5_ANC.a"/>
			<_2 Value="Z:\work\es603\master_server\repo_bes2500ya_demo\services\ibrt_core\lib\libtws_ibrt_enhanced_stack_RTX5.a"/>
			<_3 Value="Z:\work\es603\master_server\repo_bes2500ya_demo\services\ibrt_core\lib\libtws_ibrt_enhanced_stack_ble_RTX5_ANC.a"/>
			<_4 Value="Z:\work\es603\master_server\repo_bes2500ya_demo\services\ibrt_core\lib\libtws_ibrt_enhanced_stack_ble_RTX5.a"/>
			<_5 Value="D:\work\RB301_8762D\bins\12345_RB301_V1_042021_1.0.0D_31B\trace\app.bin"/>
			<_6 Value="D:\work\RB301_8762D\bins\10089_RB301_V2_100821_1.0.4D_debug\trace\app_ota.bin"/>
			<_7 Value="Z:\work\k74\repo_bes2500_demo\trunk\services\ibrt_ui\lib\libtws_ibrt_enhanced_stack_RTX5.a"/>
			<_8 Value="Z:\work\k74\repo_bes2500_demo\trunk\services\ibrt_ui\lib\libtws_ibrt_enhanced_stack_ble_RTX5.a"/>
		</RightMRUSpecs>
	</THexCompareState>
	<THexGoToState>
		<Kind Value="gotoHex"/>
	</THexGoToState>
	<THomeState>
		<SessionType Value="TDirCompareSession"/>
	</THomeState>
	<TOpCompareState>
		<Kind Value="ccRulesBased"/>
	</TOpCompareState>
	<TOpCopyToState>
		<MRUDestination>
			<_0 Value="D:\work\ew009\ew009_git\code\ew009_watch\board\evb\uteband"/>
		</MRUDestination>
	</TOpCopyToState>
	<TPixCompareState>
		<LeftMRUSpecs>
			<_0 Value="F:\work\2020\科大讯飞\code\test\batch\1-1.bmp"/>
			<_1 Value="F:\work\2020\科大讯飞\code\test\batch\batch\1-1.ebm"/>
		</LeftMRUSpecs>
		<MRUFonts>
			<_0 Value="Microsoft YaHei UI;9;;1"/>
		</MRUFonts>
		<RightMRUSpecs>
			<_0 Value="F:\work\2020\科大讯飞\code\test\1-1.png"/>
			<_1 Value="F:\work\2020\科大讯飞\code\test\batch\1-1.bmp"/>
		</RightMRUSpecs>
	</TPixCompareState>
	<TTextCompareState>
		<LeftMRUSpecs>
			<_0 Value="C:\Users\EDZ\AppData\Local\Temp\TortoiseGit\app_ibrt_customif_ui-cedd8ff7.000.cpp"/>
			<_1 Value="C:\Users\EDZ\AppData\Local\Temp\TortoiseGit\app_ui-cedd8ff7.000.cpp"/>
			<_2 Value="C:\Users\EDZ\AppData\Local\Temp\TortoiseGit\app_bt-a07a465c.002.cpp"/>
			<_3 Value="C:\Users\EDZ\AppData\Local\Temp\TortoiseGit\app_bt-a07a465c.001.cpp"/>
			<_4 Value="C:\Users\EDZ\AppData\Local\Temp\TortoiseGit\app_bt-d2daf270.003.cpp"/>
			<_5 Value="C:\Users\EDZ\AppData\Local\Temp\TortoiseGit\app_bt-c7c30726.002.cpp"/>
			<_6 Value="C:\Users\EDZ\AppData\Local\Temp\TortoiseGit\app_bt-c7c30726.001.cpp"/>
			<_7 Value="C:\Users\EDZ\AppData\Local\Temp\TortoiseGit\app_bt-d2daf270.002.cpp"/>
			<_8 Value="C:\Users\EDZ\AppData\Local\Temp\TortoiseGit\app_bt-d2daf270.001.cpp"/>
		</LeftMRUSpecs>
		<MRUFonts>
			<_0 Value="Consolas;10"/>
		</MRUFonts>
		<RightMRUSpecs>
			<_0 Value="Z:\work\es603\guch\repo_bes2500ya_demo\services\app_ibrt\src\app_ibrt_customif_ui.cpp"/>
			<_1 Value="Z:\work\es603\guch\repo_bes2500ya_demo\apps\voca\ui\es603\app_ui.cpp"/>
			<_2 Value="C:\Users\EDZ\AppData\Local\Temp\TortoiseGit\app_bt-3da92c39.002.cpp"/>
			<_3 Value="C:\Users\EDZ\AppData\Local\Temp\TortoiseGit\app_bt-3da92c39.001.cpp"/>
			<_4 Value="C:\Users\EDZ\AppData\Local\Temp\TortoiseGit\app_bt-240b2c58.003.cpp"/>
			<_5 Value="C:\Users\EDZ\AppData\Local\Temp\TortoiseGit\app_bt-ba949a42.002.cpp"/>
			<_6 Value="C:\Users\EDZ\AppData\Local\Temp\TortoiseGit\app_bt-ba949a42.001.cpp"/>
			<_7 Value="C:\Users\EDZ\AppData\Local\Temp\TortoiseGit\app_bt-240b2c58.002.cpp"/>
			<_8 Value="C:\Users\EDZ\AppData\Local\Temp\TortoiseGit\app_bt-240b2c58.001.cpp"/>
		</RightMRUSpecs>
	</TTextCompareState>
	<TTextFindState>
		<FindItems>
			<_0 Value="a2dp_need_to_play == false"/>
			<_1 Value="USER_REBOOT_PLAY_MUSIC_AUTO"/>
			<_2 Value="app_ctrl_later_timer_start(DLY_CONNECT_VOICE_TIME, (uint32_t)bt_connect_voice_timeout_handler, 0, 0, 0);"/>
			<_3 Value="exchange_simple_info_handler"/>
			<_4 Value="avrcp_callback_CT ACRCP notify rsp playback states="/>
			<_5 Value="APP_UI_COVER_CLOSE or APP_UI_BOX_IN_BOX stop audio"/>
			<_6 Value="app_ibrt_customif_ui_pairing_clear"/>
			<_7 Value="tws_disconnect_timeout"/>
			<_8 Value="bt_disconnect_enter_pair_mode"/>
		</FindItems>
		<ReplaceItems>
			<_0/>
		</ReplaceItems>
	</TTextFindState>
	<TTextMergeState>
		<CenterMRUSpecs>
			<_0 Value="Z:\work\es603\guch\repo_bes2500ya_demo\apps\voca\ui\es603\app_ui.cpp.LOCAL.cpp"/>
			<_1 Value="Z:\work\es603\guch\repo_bes2500ya_demo\services\app_ibrt\src\app_ibrt_customif_ui.cpp.LOCAL.cpp"/>
			<_2 Value="D:\work\RB301_8762D\8762D_RB301_SDK004\sbee2_wristband_sdk_0.0.0.4(32664)\src\app\wristband\FATFS\diskio.c.LOCAL.c"/>
			<_3 Value="D:\work\RB301_8762D\8762D_RB301_SDK004\sbee2_wristband_sdk_0.0.0.4(32664)\src\app\wristband\module\wristband_global_data.c.LOCAL.c"/>
			<_4 Value="D:\work\RB301_8762D\8762D_RB301_SDK004\sbee2_wristband_sdk_0.0.0.4(32664)\src\app\wristband\module\module_sport.c.LOCAL.c"/>
			<_5 Value="D:\work\RB301_8762D\8762D_RB301_SDK004\sbee2_wristband_sdk_0.0.0.4(32664)\board\evb_stack_img\wristband\wristband.uvprojx.LOCAL.uvprojx"/>
			<_6 Value="D:\work\RB301_8762D\8762D_RB301_SDK004\sbee2_wristband_sdk_0.0.0.4(32664)\src\app\wristband\sensor_hub\hub_task.c.LOCAL.c"/>
			<_7 Value="D:\work\RB301_8762D\8762D_RB301_SDK004\sbee2_wristband_sdk_0.0.0.4(32664)\src\app\wristband\sensor_hub\hub_display.c.LOCAL.c"/>
			<_8 Value="D:\work\RB301_8762D\8762D_RB301_SDK004\sbee2_wristband_sdk_0.0.0.4(32664)\src\app\wristband\gui_lib\source\gui_task.c.LOCAL.c"/>
		</CenterMRUSpecs>
		<LeftMRUSpecs>
			<_0 Value="Z:\work\es603\guch\repo_bes2500ya_demo\apps\voca\ui\es603\app_ui.cpp.BASE.cpp"/>
			<_1 Value="Z:\work\es603\guch\repo_bes2500ya_demo\services\app_ibrt\src\app_ibrt_customif_ui.cpp.BASE.cpp"/>
			<_2 Value="D:\work\RB301_8762D\8762D_RB301_SDK004\sbee2_wristband_sdk_0.0.0.4(32664)\src\app\wristband\FATFS\diskio.c.BASE.c"/>
			<_3 Value="D:\work\RB301_8762D\8762D_RB301_SDK004\sbee2_wristband_sdk_0.0.0.4(32664)\src\app\wristband\module\wristband_global_data.c.BASE.c"/>
			<_4 Value="D:\work\RB301_8762D\8762D_RB301_SDK004\sbee2_wristband_sdk_0.0.0.4(32664)\src\app\wristband\module\module_sport.c.BASE.c"/>
			<_5 Value="D:\work\RB301_8762D\8762D_RB301_SDK004\sbee2_wristband_sdk_0.0.0.4(32664)\board\evb_stack_img\wristband\wristband.uvprojx.BASE.uvprojx"/>
			<_6 Value="D:\work\RB301_8762D\8762D_RB301_SDK004\sbee2_wristband_sdk_0.0.0.4(32664)\src\app\wristband\sensor_hub\hub_task.c.BASE.c"/>
			<_7 Value="D:\work\RB301_8762D\8762D_RB301_SDK004\sbee2_wristband_sdk_0.0.0.4(32664)\src\app\wristband\sensor_hub\hub_display.c.BASE.c"/>
			<_8 Value="D:\work\RB301_8762D\8762D_RB301_SDK004\sbee2_wristband_sdk_0.0.0.4(32664)\src\app\wristband\gui_lib\source\gui_task.c.BASE.c"/>
		</LeftMRUSpecs>
		<MRUFonts>
			<_0 Value="Consolas;10"/>
		</MRUFonts>
		<RightMRUSpecs>
			<_0 Value="Z:\work\es603\guch\repo_bes2500ya_demo\apps\voca\ui\es603\app_ui.cpp.REMOTE.cpp"/>
			<_1 Value="Z:\work\es603\guch\repo_bes2500ya_demo\services\app_ibrt\src\app_ibrt_customif_ui.cpp.REMOTE.cpp"/>
			<_2 Value="D:\work\RB301_8762D\8762D_RB301_SDK004\sbee2_wristband_sdk_0.0.0.4(32664)\src\app\wristband\FATFS\diskio.c.REMOTE.c"/>
			<_3 Value="D:\work\RB301_8762D\8762D_RB301_SDK004\sbee2_wristband_sdk_0.0.0.4(32664)\src\app\wristband\module\wristband_global_data.c.REMOTE.c"/>
			<_4 Value="D:\work\RB301_8762D\8762D_RB301_SDK004\sbee2_wristband_sdk_0.0.0.4(32664)\src\app\wristband\module\module_sport.c.REMOTE.c"/>
			<_5 Value="D:\work\RB301_8762D\8762D_RB301_SDK004\sbee2_wristband_sdk_0.0.0.4(32664)\board\evb_stack_img\wristband\wristband.uvprojx.REMOTE.uvprojx"/>
			<_6 Value="D:\work\RB301_8762D\8762D_RB301_SDK004\sbee2_wristband_sdk_0.0.0.4(32664)\src\app\wristband\sensor_hub\hub_task.c.REMOTE.c"/>
			<_7 Value="D:\work\RB301_8762D\8762D_RB301_SDK004\sbee2_wristband_sdk_0.0.0.4(32664)\src\app\wristband\sensor_hub\hub_display.c.REMOTE.c"/>
			<_8 Value="D:\work\RB301_8762D\8762D_RB301_SDK004\sbee2_wristband_sdk_0.0.0.4(32664)\src\app\wristband\gui_lib\source\gui_task.c.REMOTE.c"/>
		</RightMRUSpecs>
	</TTextMergeState>
</BCState>
